,0,1
0,#SBER,"('P(positive) = 0.52441. Result: ', 'Positive')"
1,"Ô∏è–°–ë–ï–†–ë–ê–ù–ö –ü–†–ï–î–û–°–¢–ê–í–ò–¢ ETALON GROUP 26,5 –ú–õ–†–î –†–£–ë. –ù–ê –ü–†–û–ï–ö–¢ ""–ó–ò–õ-–Æ–ì"" –í –ú–û–°–ö–í–ï","('P(positive) = 0.02863. Result: ', 'Negative')"
2,üá∑üá∫ –°–±–µ—Ä–±–∞–Ω–∫ –æ–ø—É–±–ª–∏–∫—É–µ—Ç —Ñ–∏–Ω–∞–Ω—Å–æ–≤—É—é –æ—Ç—á—ë—Ç–Ω–æ—Å—Ç—å –ø–æ –ú–°–§–û –∑–∞ 1 –∫–≤–∞—Ä—Ç–∞–ª 2021 –≥–æ–¥–∞,"('P(positive) = 0.73270. Result: ', 'Positive')"
3,#SBER,"('P(positive) = 0.52441. Result: ', 'Positive')"
4,"–¶–µ–Ω—Ç—Ä –∫–æ–º–ø–µ—Ç–µ–Ω—Ü–∏–π –ø–æ –∏–º–ø–æ—Ä—Ç–æ–∑–∞–º–µ—â–µ–Ω–∏—é –≥–æ—Ç–æ–≤–∏—Ç –æ–±—Ä–∞—â–µ–Ω–∏–µ –≤ –ø—Ä–∞–≤–∏—Ç–µ–ª—å—Å—Ç–≤–æ —Å –ø—Ä–æ—Å—å–±–æ–π –≤–∫–ª—é—á–∏—Ç—å –°–±–µ—Ä–±–∞–Ω–∫ –≤ –ø–µ—Ä–µ—á–µ–Ω—å –∞–∫—Ü–∏–æ–Ω–µ—Ä–Ω—ã—Ö –æ–±—â–µ—Å—Ç–≤, –Ω–∞—Ö–æ–¥—è—â–∏—Ö—Å—è –≤ —Ñ–µ–¥–µ—Ä–∞–ª—å–Ω–æ–π —Å–æ–±—Å—Ç–≤–µ–Ω–Ω–æ—Å—Ç–∏, —á—Ç–æ–±—ã –≤–∑—è—Ç—å –ø–æ–¥ –∫–æ–Ω—Ç—Ä–æ–ª—å —Å—Ç—Ä–∞—Ç–µ–≥–∏—é –±–∞–Ω–∫–∞ –ø–æ –∏–º–ø–æ—Ä—Ç–æ–∑–∞–º–µ—â–µ–Ω–∏—é –≤ —Å—Ñ–µ—Ä–µ –æ–±–æ—Ä—É–¥–æ–≤–∞–Ω–∏—è –∏ –ø—Ä–æ–≥—Ä–∞–º–º–Ω–æ–≥–æ –æ–±–µ—Å–ø–µ—á–µ–Ω–∏—è, —á—Ç–æ–±—ã –æ–±—è–∑–∞—Ç—å –°–±–µ—Ä–±–∞–Ω–∫ –ø–æ–∫—É–ø–∞—Ç—å –æ—Ç–µ—á–µ—Å—Ç–≤–µ–Ω–Ω—ã–µ —Ç–µ—Ö–Ω–æ–ª–æ–≥–∏–∏","('P(positive) = 0.99374. Result: ', 'Positive')"
5,–°–±–µ—Ä–±–∞–Ω–∫ –æ–ø—É–±–ª–∏–∫—É–µ—Ç —Ñ–∏–Ω–∞–Ω—Å–æ–≤—É—é –æ—Ç—á—ë—Ç–Ω–æ—Å—Ç—å –ø–æ –ú–°–§–û –∑–∞ 1 –∫–≤–∞—Ä—Ç–∞–ª 2021 –≥–æ–¥–∞,"('P(positive) = 0.73270. Result: ', 'Positive')"
6,#SBER,"('P(positive) = 0.52441. Result: ', 'Positive')"
7,#SBER,"('P(positive) = 0.52441. Result: ', 'Positive')"
8,–§–∏–Ω–∞–Ω—Å–æ–≤–∞—è –æ—Ç—á–µ—Ç–Ω–æ—Å—Ç—å –°–±–µ—Ä–±–∞–Ω–∫–∞ –∑–∞ 1 –∫–≤. 2021,"('P(positive) = 0.75643. Result: ', 'Positive')"
9,—Ñ–∏–Ω–∞–Ω—Å–æ–≤–∞—è –æ—Ç—á–µ—Ç–Ω–æ—Å—Ç—å –°–±–µ—Ä–±–∞–Ω–∫–∞ –∑–∞ 1 –∫–≤. 2021,"('P(positive) = 0.75643. Result: ', 'Positive')"
10,#SBER,"('P(positive) = 0.52441. Result: ', 'Positive')"
11,‚Ä¢ –°–±–µ—Ä–±–∞–Ω–∫ –ø—Ä–æ—Ñ–∏–Ω–∞–Ω—Å–∏—Ä—É–µ—Ç —Ä–µ–∞–ª–∏–∑–∞—Ü–∏—é –ø—Ä–æ–µ–∫—Ç–∞ –ó–ò–õ-–Æ–≥ –≠—Ç–∞–ª–æ–Ω–∞ –Ω–∞ 26.5 –º–ª—Ä–¥ —Ä—É–±–ª–µ–π.,"('P(positive) = 0.28072. Result: ', 'Negative')"
12,‚Ä¢ –°–±–µ—Ä–±–∞–Ω–∫ (,"('P(positive) = 0.64677. Result: ', 'Positive')"
13,SBER,"('P(positive) = 0.52441. Result: ', 'Positive')"
14,–¢—Ä–∞–Ω—Å–∫–æ–Ω—Ç–µ–π–Ω–µ—Ä –ø–æ–¥–ø–∏—Å–∞–ª —Å–æ –°–±–µ—Ä–±–∞–Ω–∫–æ–º –¥–æ–≥–æ–≤–æ—Ä –æ–± –æ—Ç–∫—Ä—ã—Ç–∏–∏ –∫—Ä–µ–¥–∏—Ç–Ω–æ–π –ª–∏–Ω–∏–∏ —Å –ª–∏–º–∏—Ç–æ–º 45 –º–ª—Ä–¥ —Ä—É–±,"('P(positive) = 0.79243. Result: ', 'Positive')"
15,#SBER,"('P(positive) = 0.52441. Result: ', 'Positive')"
16,–ì–∞–∑–ø—Ä–æ–º–±–∞–Ω–∫: –ü—Ä–æ–≥–Ω–æ–∑ —Ä–µ–∑—É–ª—å—Ç–∞—Ç–æ–≤ –°–±–µ—Ä–±–∞–Ω–∫–∞ –∑–∞ 1–ö21.,"('P(positive) = 0.99402. Result: ', 'Positive')"
17,. –†–∞–∑–∏–≤–∞—Ç—å –∏–Ω–≤–µ—Å—Ç–∏—Ü–∏–æ–Ω–Ω–æ-–±–∞–Ω–∫–æ–≤—Å–∫–æ–µ –Ω–∞–ø—Ä–∞–≤–ª–µ–Ω–∏–µ –±—É–¥–µ—Ç –≤—ã—Ö–æ–¥–µ—Ü –∏–∑ ¬´–¢—Ä–æ–π–∫–∏ –¥–∏–∞–ª–æ–≥¬ª –∏ –°–±–µ—Ä–±–∞–Ω–∫–∞ -,"('P(positive) = 0.97741. Result: ', 'Positive')"
18,#SBER,"('P(positive) = 0.52441. Result: ', 'Positive')"
19,#SBER,"('P(positive) = 0.52441. Result: ', 'Positive')"
20,Ô∏èüá∑üá∫#SBER #–∏–≥—Ä—ã,"('P(positive) = 0.58527. Result: ', 'Positive')"
21,#SBER,"('P(positive) = 0.52441. Result: ', 'Positive')"
22,#SBER,"('P(positive) = 0.52441. Result: ', 'Positive')"
23,"–°–±–µ—Ä–±–∞–Ω–∫ –æ–±—è–∂—É—Ç –ø–æ–∫—É–ø–∞—Ç—å –æ—Ç–µ—á–µ—Å—Ç–≤–µ–Ω–Ω—ã–µ —Ç–µ—Ö–Ω–æ–ª–æ–≥–∏–∏. –¶–µ–Ω—Ç—Ä –∫–æ–º–ø–µ—Ç–µ–Ω—Ü–∏–π –ø–æ –∏–º–ø–æ—Ä—Ç–æ–∑–∞–º–µ—â–µ–Ω–∏—é –≤ –æ–±–ª–∞—Å—Ç–∏ –ò–ö–¢ –≥–æ—Ç–æ–≤–∏—Ç –æ–±—Ä–∞—â–µ–Ω–∏–µ –≤ –ø—Ä–∞–≤–∏—Ç–µ–ª—å—Å—Ç–≤–æ —Å –ø—Ä–æ—Å—å–±–æ–π –≤–∫–ª—é—á–∏—Ç—å –°–±–µ—Ä–±–∞–Ω–∫ –≤ –ø–µ—Ä–µ—á–µ–Ω—å –∞–∫—Ü–∏–æ–Ω–µ—Ä–Ω—ã—Ö –æ–±—â–µ—Å—Ç–≤, –Ω–∞—Ö–æ–¥—è—â–∏—Ö—Å—è –≤ —Ñ–µ–¥–µ—Ä–∞–ª—å–Ω–æ–π —Å–æ–±—Å—Ç–≤–µ–Ω–Ω–æ—Å—Ç–∏, —á—Ç–æ–±—ã","('P(positive) = 0.99995. Result: ', 'Positive')"
24,Ô∏èüá∑üá∫#SBER #–æ—Ç—á–µ—Ç–Ω–æ—Å—Ç—å,"('P(positive) = 0.52441. Result: ', 'Positive')"
25,#SBER,"('P(positive) = 0.52441. Result: ', 'Positive')"
26,–ê–∫—Ü–∏–∏ –°–±–µ—Ä–±–∞–Ω–∫–∞ –æ–±–Ω–æ–≤–∏–ª–∏ –∏—Å—Ç–æ—Ä–∏—á–µ—Å–∫–∏–π –º–∞–∫—Å–∏–º—É–º.,"('P(positive) = 0.31486. Result: ', 'Negative')"
27,–¶–µ–Ω–∞ –∞–∫—Ü–∏–π –°–±–µ—Ä–±–∞–Ω–∫–∞ –≤–ø–µ—Ä–≤—ã–µ –ø—Ä–µ–≤—ã—Å–∏–ª–∞ 300 —Ä—É–±–ª–µ–π,"('P(positive) = 0.73637. Result: ', 'Positive')"
28,–ß–∏—Å–ª–æ –∫–ª–∏–µ–Ω—Ç–æ–≤ –°–±–µ—Ä–±–∞–Ω–∫–∞ –≤–ø–µ—Ä–≤—ã–µ –ø—Ä–µ–≤—ã—Å–∏–ª–æ 100 –º–∏–ª–ª–∏–æ–Ω–æ–≤,"('P(positive) = 0.92909. Result: ', 'Positive')"
29,"–°–±–µ—Ä–±–∞–Ω–∫ —Å –Ω–∞—á–∞–ª–∞ –≥–æ–¥–∞ —Å–æ–∫—Ä–∞—Ç–∏–ª 7,4 —Ç—ã—Å—è—á–∏ —Å–æ—Ç—Ä—É–¥–Ω–∏–∫–æ–≤","('P(positive) = 0.26104. Result: ', 'Negative')"
30,–°–±–µ—Ä–±–∞–Ω–∫,"('P(positive) = 0.38121. Result: ', 'Negative')"
31,–†—É—Å–≥–∏–¥—Ä–æ –ø—Ä–∏–≤–ª–µ–∫–ª–æ –∫—Ä–µ–¥–∏—Ç–Ω—É—é –ª–∏–Ω–∏—é –°–±–µ—Ä–±–∞–Ω–∫–∞ —Å –ª–∏–º–∏—Ç–æ–º 40 –º–ª—Ä–¥ —Ä—É–± –Ω–∞ 10 –ª–µ—Ç - –∫–æ–º–ø–∞–Ω–∏—è - –ü—Ä–∞–π–º,"('P(positive) = 0.85523. Result: ', 'Positive')"
32,#–°–±–µ—Ä–±–∞–Ω–∫,"('P(positive) = 0.38121. Result: ', 'Negative')"
33,"–ù–∞ –∫–∞—Ä—Ç–∏–Ω–∫–µ –¥–Ω–µ–≤–Ω–æ–π –≥—Ä–∞—Ñ–∏–∫ –°–±–µ—Ä–±–∞–Ω–∫–∞ - –æ–Ω –Ω–∏–∫–∞–∫ –Ω–µ –≤—ã–π–¥–µ—Ç –≤—ã—à–µ –º–∞–∫—Å–∏–º—É–º–∞ 2021 –≥–æ–¥–∞, –∫–æ—Ç–æ—Ä—ã–π –±—ã–ª –≤ —è–Ω–≤–∞—Ä–µ 2021.","('P(positive) = 0.00083. Result: ', 'Negative')"
34,"–Ω–µ —Ä–∞—Å—Ç–µ—Ç –¥–∞–ª—å—à–µ. –°–±–µ—Ä–±–∞–Ω–∫ –∏–º–µ–µ—Ç –≤–µ—Å 15% –≤ –∏–Ω–¥–µ–∫—Å–µ, –∏ –æ–Ω ‚Ññ1 –ø–æ –≤–µ—Å—É. –í—Ç–æ—Ä–æ–π –∏ —Ç—Ä–µ—Ç–∏–π –Ω–æ–º–µ—Ä —ç—Ç–æ –ì–∞–∑–ø—Ä–æ–º –∏ –õ—É–∫–æ–π–ª.","('P(positive) = 0.01115. Result: ', 'Negative')"
35,–≤ –±–æ–∫–æ–≤–∏–∫–µ. –ü–æ–ø—ã—Ç–∫–∏ –≤—ã—Ç–æ–ª–∫–Ω—É—Ç—å –º–µ–π–¥–∂–æ—Ä–æ–≤ - –°–±–µ—Ä–±–∞–Ω–∫ –∏ –ì–∞–∑–ø—Ä–æ–º –≤–≤–µ—Ä—Ö —É—Å–ø–µ—Ö–æ–º –Ω–µ —É–≤–µ–Ω—á–∞–ª–∞—Å—å. –ù–µ—Ñ—Ç—è–Ω–∫–∞ —Ç–æ—á–Ω–æ –Ω–µ –Ω–µ—Ñ—Ç—è–Ω–µ—Ç—Å—è –Ω–∞ —Ñ–æ–Ω–µ –æ—á–µ—Ä–µ–¥–Ω–æ–π –ø–æ–ø—ã—Ç–∫–∏ –º–µ–¥–≤–µ–¥–µ–π –∑–∞–≥–Ω–∞—Ç—å —Ü–µ–Ω—É –Ω–µ—Ñ—Ç–∏ 65 usd.,"('P(positive) = 0.99982. Result: ', 'Positive')"
36,–ñ–¥–∞—Ç—å –≤—ã–Ω–æ—Å–∞ –Ω–∞–¥–æ –æ—Ç –°–±–µ—Ä–±–∞–Ω–∫+–Ω–µ—Ñ—Ç—è–Ω–∫–∞.,"('P(positive) = 0.42027. Result: ', 'Negative')"
37,#–°–±–µ—Ä–±–∞–Ω–∫,"('P(positive) = 0.38121. Result: ', 'Negative')"
38,"–µ—â–µ –¥–µ—Ä–∂–∏—Ç—Å—è –∑–∞ —Å—á–µ—Ç –°–±–µ—Ä–±–∞–Ω–∫ ( –¥–∏–≤–∏–¥–µ–Ω–¥ ) –∏ –ì–∞–∑–ø—Ä–æ–º ( –¥–∏–≤–∏–¥–µ–Ω–¥, –Ω–æ –ø–æ—Ç–æ–º ).","('P(positive) = 0.93010. Result: ', 'Positive')"
39,"–ü–æ–ª—å–∑–æ–≤–∞—Ç–µ–ª—è–º –¥–æ—Å—Ç—É–ø–Ω—ã –ø–ª–∞—Ç–µ–∂–∏ —Å –ø–æ–º–æ—â—å—é —Å–∏—Å—Ç–µ–º –ÆMoney (–±—ã–≤—à–∏–µ ¬´–Ø–Ω–¥–µ–∫—Å.–î–µ–Ω—å–≥–∏¬ª), –°–±–µ—Ä–±–∞–Ω–∫–∞, Stripe, Tranzzo, Payme, CLICK, LiqPay –∏ ECOMMPAY. –û–ø–ª–∞—Ç–∞ –¥–æ—Å—Ç—É–ø–Ω–∞ –∫–∞–∫ –≤ –º–æ–±–∏–ª—å–Ω–æ–º –ø—Ä–∏–ª–æ–∂–µ–Ω–∏–∏ Telegram, —Ç–∞–∫ –∏ –≤ –≤–µ–±-–≤–µ—Ä—Å–∏–∏. –ö—Ä–æ–º–µ —Ç–æ–≥–æ, —Ä–∞–∑—Ä–∞–±–æ—Ç—á–∏–∫–∏ –≤–≤–µ–ª–∏ –≤–æ–∑–º–æ–∂–Ω–æ—Å—Ç—å –æ—Å—Ç–∞–≤–ª—è—Ç—å —á–∞–µ–≤—ã–µ.","('P(positive) = 0.97332. Result: ', 'Positive')"
40,"–ö–∞–∫ –º—ã –æ–∂–∏–¥–∞–ª–∏ –∏ –Ω–µ–æ–¥–Ω–æ–∫—Ä–∞—Ç–Ω–æ –ø–∏—Å–∞–ª–∏, –∞–∫—Ü–∏–∏ ¬´–°–±–µ—Ä–∞¬ª (SBER RX) –¥–æ—Å—Ç–∏–≥–ª–∏ –æ—Ç–º–µ—Ç–∫–∏ 300 —Ä—É–±.","('P(positive) = 0.10058. Result: ', 'Negative')"
41,"–¢–∞–∫, Morgan Stanley —É—Å—Ç–∞–Ω–æ–≤–∏–ª 12-–º–µ—Å—è—á–Ω—É—é —Ü–µ–ª–µ–≤—É—é —Ü–µ–Ω—É –Ω–∞ —É—Ä–æ–≤–Ω–µ 380 —Ä—É–±., UBS ‚Äì 367 —Ä—É–±., Goldman Sachs ‚Äì 370 —Ä—É–±. –ù–∞ –Ω–∞—à –≤–∑–≥–ª—è–¥, –≤–ø–æ–ª–Ω–µ –≤–µ—Ä–æ—è—Ç–Ω–æ, —á—Ç–æ –∫–æ—Ç–∏—Ä–æ–≤–∫–∏ SBER –¥–æ—Å—Ç–∏–≥–Ω—É—Ç —ç—Ç–∏—Ö —É—Ä–æ–≤–Ω–µ–π –ø—Ä–∏ —É—Å–ª–æ–≤–∏–∏ –æ—Ç—Å—É—Ç—Å—Ç–≤–∏—è —Å–µ—Ä—å–µ–∑–Ω—ã—Ö —Å—Ç—Ä–∞–Ω–æ–≤—ã—Ö —Ä–∏—Å–∫–æ–≤.","('P(positive) = 0.99629. Result: ', 'Positive')"
42,"–¢–∞–∫–∂–µ –Ω–∞ —ç—Ç–æ–π –Ω–µ–¥–µ–ª–µ –æ—Ç—á–∏—Ç–∞–µ—Ç—Å—è Microsoft, Visa, –°–±–µ—Ä–±–∞–Ω–∫, Apple –∏ —Ä—è–¥ –¥—Ä—É–≥–∏—Ö –∫–æ–º–ø–∞–Ω–∏–π, –∫–æ—Ç–æ—Ä—ã–µ –Ω–∏ –≤ –∫–æ–µ–º —Å–ª—É—á–∞–µ –Ω–µ –æ—Å—Ç–∞–Ω—É—Ç—Å—è –±–µ–∑ –Ω–∞—à–µ–≥–æ –≤–Ω–∏–º–∞–Ω–∏—è.","('P(positive) = 0.30512. Result: ', 'Negative')"
43,"–°–º–æ—Ç—Ä–∏–º, –æ—Ç–∫—É–¥–∞ –≤–∑—è–ª—Å—è —É–±—ã—Ç–æ–∫, –≤–µ–¥—å –≥–æ–¥ –Ω–∞–∑–∞–¥ –∫–æ–º–ø–∞–Ω–∏—è –ø–æ–∫–∞–∑–∞–ª–∞ –ø—Ä–∏–±—ã–ª—å 5,5 –º–ª—Ä–¥ —Ä—É–±–ª–µ–π. –î–µ–ª–æ –≤ –Ø–Ω–¥–µ–∫—Å.–ú–∞—Ä–∫–µ—Ç–µ. –ü–æ—Å–ª–µ —Ä–∞–∑–≤–æ–¥–∞ —Å–æ –°–±–µ—Ä–±–∞–Ω–∫–æ–º","('P(positive) = 0.97661. Result: ', 'Positive')"
44,#SBER,"('P(positive) = 0.52441. Result: ', 'Positive')"
45,"–°–±–µ—Ä–±–∞–Ω–∫, –∞–æ —Å–ø–µ–∫. –ø–æ–∫—É–ø–∫–∞, —Ü–µ–ª—å: 305 —Ä—É–±. –ö–æ—Ç–∏—Ä–æ–≤–∫–∏ –º–æ–≥—É—Ç –ø—Ä–æ–±–∏—Ç—å –º–∞–∫—Å–∏–º—É–º –∏ –ø—Ä–æ–≤–µ—Å—Ç–∏ —É—Å–ø–µ—à–Ω—ã–π —à—Ç—É—Ä–º –ø—Å–∏—Ö–æ–ª–æ–≥–∏—á–µ—Å–∫–∏ –∑–Ω–∞—á–∏–º–æ–π –æ—Ç–º–µ—Ç–∫–∏ 300 —Ä—É–±–ª–µ–π ‚Äî –§—Ä–∏–¥–æ–º –§–∏–Ω–∞–Ω—Å","('P(positive) = 0.94766. Result: ', 'Positive')"
46,"¬´–°–±–µ—Ä–±–∞–Ω–∫¬ª –ø–æ—Ç–∏—Ö–æ–Ω—å–∫—É –ø–æ–¥–±–∏—Ä–∞–µ—Ç—Å—è –∫ ¬´–∫—Ä—É–≥–ª–æ–π¬ª –æ—Ç–º–µ—Ç–∫–µ 300 —Ä—É–±–ª–µ–π, –≤–±–ª–∏–∑–∏ –∫–æ—Ç–æ—Ä–æ–π –º–æ–∂–µ—Ç –ø—Ä–æ–∏–∑–æ–π—Ç–∏ —Ç–æ—Ä–º–æ–∂–µ–Ω–∏–µ –∏ –¥–∞–∂–µ –æ—Ç–∫–∞—Ç –≤–Ω–∏–∑. –ü—Ä–æ–±–æ–π —ç—Ç–æ–≥–æ —É—Ä–æ–≤–Ω—è ‚Äî –¥–µ–ª–æ –≤—Ä–µ–º–µ–Ω–∏ ‚Äî –ê–ª–æ—Ä –ë—Ä–æ–∫–µ—Ä","('P(positive) = 0.98731. Result: ', 'Positive')"
47,"–°–µ—Ä–≤–∏—Å ¬´–î–∏–∞–≥–Ω–æ—Å—Ç–∏–∫–∞¬ª –∞–Ω–∞–ª–∏–∑–∏—Ä—É–µ—Ç –ø–æ—Ä—Ç—Ñ–µ–ª—å –∏ –ø–æ–º–æ–≥–∞–µ—Ç –∏–Ω–≤–µ—Å—Ç–∏—Ä–æ–≤–∞—Ç—å –∫–∞—á–µ—Å—Ç–≤–µ–Ω–Ω–µ–µ, –¥–∞–∂–µ –µ—Å–ª–∏ –≤—ã —Å–æ–≤–µ—Ä—à–∞–µ—Ç–µ –æ–¥–Ω—É —Å–¥–µ–ª–∫—É –≤ –º–µ—Å—è—Ü. –î–æ—Å—Ç—É–ø–Ω–æ –∫–ª–∏–µ–Ω—Ç–∞–º –±—Ä–æ–∫–µ—Ä–æ–≤ –í–¢–ë, –°–±–µ—Ä–±–∞–Ω–∫–∞, ¬´–¢–∏–Ω—å–∫–æ—Ñ—Ñ¬ª –∏ ¬´–§–ò–ù–ê–ú–∞¬ª.","('P(positive) = 0.47722. Result: ', 'Negative')"
48,"¬´–°–±–µ—Ä–±–∞–Ω–∫¬ª, –∞–æ, —Å–ø–µ–∫. –ø–æ–∫—É–ø–∫–∞, —Ü–µ–ª—å: 305 —Ä—É–±. –ö–æ—Ç–∏—Ä–æ–≤–∫–∏ –º–æ–≥—É—Ç –ø—Ä–æ–¥–æ–ª–∂–∏—Ç—å —à—Ç—É—Ä–º –ø—Å–∏—Ö–æ–ª–æ–≥–∏—á–µ—Å–∫–∏ –∑–Ω–∞—á–∏–º–æ–π –æ—Ç–º–µ—Ç–∫–∏ 300 —Ä—É–±–ª–µ–π ‚Äî –§—Ä–∏–¥–æ–º –§–∏–Ω–∞–Ω—Å","('P(positive) = 0.02518. Result: ', 'Negative')"
49,–ù–∞ —Ä—ã–Ω–∫–µ –†–§ –≤—á–µ—Ä–∞ ¬´–°–±–µ—Ä–±–∞–Ω–∫¬ª –¥–æ—Å—Ç–∏–≥ –∑–∞–≤–µ—Ç–Ω–æ–π –æ—Ç–º–µ—Ç–∫–∏ –≤ 300 —Ä—É–±–ª–µ–π. –ñ–¥–µ–º ¬´–°–±–µ—Ä¬ª –Ω–∞ —É—Ä–æ–≤–Ω–µ 320 —Ä—É–±–ª–µ–π ‚Äî –§–ò–ù–ê–ú,"('P(positive) = 0.95004. Result: ', 'Positive')"
50,"–ü—Ä–∏–±—ã–ª—å ¬´–°–±–µ—Ä–±–∞–Ω–∫–∞¬ª –≤ 1 –∫–≤–∞—Ä—Ç–∞–ª–µ –≤—ã—Ä–∞—Å—Ç–µ—Ç –Ω–∞ 117% –≥/–≥, –¥–æ 261 –º–ª—Ä–¥ —Ä—É–±., —á—Ç–æ –≤—ã—à–µ –∫–æ–Ω—Å–µ–Ω—Å—É—Å-–ø—Ä–æ–≥–Ω–æ–∑–∞ –≤—Å–µ–≥–æ –Ω–∞ 2% ‚Äî –ê–ª—å—Ñ–∞-–ë–∞–Ω–∫","('P(positive) = 0.00683. Result: ', 'Negative')"
51,"–ù–µ—Å–º–æ—Ç—Ä—è –Ω–∞ —Ö–æ—Ä–æ—à–∏–π –æ—Ç—á–µ—Ç ¬´–°–±–µ—Ä–±–∞–Ω–∫–∞¬ª, —Å–µ–π—á–∞—Å –Ω–µ —Å—Ç–æ–∏—Ç –ø–æ–∫—É–ø–∞—Ç—å –∞–∫—Ü–∏–∏ —ç—Ç–æ–π –∫–æ–º–ø–∞–Ω–∏–∏. ¬´–°–±–µ—Ä¬ª –ø—Ä–æ—Ö–æ–¥–∏—Ç –ø–µ—Ä–∏–æ–¥ —Ç—Ä–∞–Ω—Å—Ñ–æ—Ä–º–∞—Ü–∏–∏, –ø—Ä–µ–≤—Ä–∞—â–∞–µ—Ç—Å—è –≤ —Ñ–∏–Ω—Ç–µ—Ö-–∫–æ–º–ø–∞–Ω–∏—é. –í—Ä–æ–¥–µ –±—ã —Ç–µ–º–∞ –º–æ–¥–Ω–∞—è –∏ –ø–µ—Ä—Å–ø–µ–∫—Ç–∏–≤–Ω–∞—è, –Ω–æ –Ω–µ –æ—á–µ–≤–∏–¥–Ω–∞—è ‚Äî QBF","('P(positive) = 0.00269. Result: ', 'Negative')"
52,"–ü—Ä–∏–±—ã–ª—å ¬´–°–±–µ—Ä–±–∞–Ω–∫–∞¬ª –∑–∞ 2021 –≥–æ–¥ –º–æ–∂–µ—Ç –ø—Ä–µ–≤—ã—Å–∏—Ç—å —Ç—Ä–∏–ª–ª–∏–æ–Ω. –ü–æ–∫–∞ –ø–æ—Å–ª–µ 3 –º–µ—Å—è—Ü–µ–≤ –≤—Å—ë —Å–∫–ª–∞–¥—ã–≤–∞–µ—Ç—Å—è –∏–º–µ–Ω–Ω–æ —Ç–∞–∫, –∞ –∑–Ω–∞—á–∏—Ç –¥–∏–≤–∏–¥–µ–Ω–¥—ã –±—É–¥—É—Ç –≤—ã—à–µ 25 —Ä –∑–∞ –∞–∫—Ü–∏—é ‚Äî –¢–†–ê–ù–°–§–ò–ù–ì–†–£–ü","('P(positive) = 0.99970. Result: ', 'Positive')"
53,"–ß–µ—Ä–µ–∑ –ø–æ–ª—Ç–æ—Ä–∞ –≥–æ–¥–∞ —Ü–µ–Ω–∞ –æ–±—ã–∫–Ω–æ–≤–µ–Ω–Ω–æ–π –∞–∫—Ü–∏–∏ ¬´–°–±–µ—Ä–±–∞–Ω–∫–∞¬ª –º–æ–∂–µ—Ç –±—ã—Ç—å 450 —Ä—É–±–ª–µ–π. –ü–µ—Ä—Å–ø–µ–∫—Ç–∏–≤–Ω–æ–µ –≤–ª–æ–∂–µ–Ω–∏–µ —Å—Ä–µ–¥—Å—Ç–≤. –ü—Ä–∏ —ç—Ç–æ–º –∑–æ–ª–æ—Ç–æ–º —ç—Ç–∞ –∞–∫—Ü–∏—è –Ω–µ –Ω–∞–º–∞–∑–∞–Ω–∞. –ï—Å–ª–∏ –Ω–∞ –º–∏—Ä–æ–≤—ã—Ö —Ñ–æ–Ω–¥–æ–≤—ã—Ö —Ä—ã–Ω–∫–∞—Ö –Ω–∞—á–Ω–µ—Ç—Å—è –∫–æ—Ä—Ä–µ–∫—Ü–∏—è, —Ç–æ —Ä–∏–∫–æ—à–µ—Ç–æ–º –æ–Ω–∞ —É–¥–∞—Ä–∏—Ç –∏ –ø–æ ¬´–°–±–µ—Ä–±–∞–Ω–∫—É¬ª. –û—Ä–∏–µ–Ω—Ç–∏—Ä—É–µ–º—Å—è –Ω–∞ –ø–æ–¥–¥–µ—Ä–∂–∫–∏ 240, 278, 290-293 ‚Äî –£–ù–ò–í–ï–† –ö–∞–ø–∏—Ç–∞–ª","('P(positive) = 0.99306. Result: ', 'Positive')"
54,"–ß–∏—Å—Ç–∞—è –ø—Ä–∏–±—ã–ª—å ""–°–±–µ—Ä–±–∞–Ω–∫–∞"" –º–æ–∂–µ—Ç –≤—ã—Ä–∞—Å—Ç–∏ –≤ —ç—Ç–æ–º –≥–æ–¥—É –ø—Ä–∏–º–µ—Ä–Ω–æ –¥–æ 1 —Ç—Ä–ª–Ω —Ä—É–±. (+30% –≥/–≥), —á—Ç–æ –ø–æ–¥—Ä–∞–∑—É–º–µ–≤–∞–µ—Ç –º—É–ª—å—Ç–∏–ø–ª–∏–∫–∞—Ç–æ—Ä P/E –Ω–∞ —É—Ä–æ–≤–Ω–µ 6,5x. –ú—ã –ø–æ–¥—Ç–≤–µ—Ä–∂–¥–∞–µ–º –ø–æ–∑–∏—Ç–∏–≤–Ω—ã–π –≤–∑–≥–ª—è–¥ –Ω–∞ –±—É–º–∞–≥—É ‚Äî –ê–¢–û–ù","('P(positive) = 0.82588. Result: ', 'Positive')"
55,"–§—É–Ω–¥–∞–º–µ–Ω—Ç–∞–ª—å–Ω—ã–µ —Ñ–∞–∫—Ç–æ—Ä—ã –æ—Å—Ç–∞—é—Ç—Å—è –±–ª–∞–≥–æ–ø—Ä–∏—è—Ç–Ω—ã–º–∏ –¥–ª—è ¬´–°–±–µ—Ä–±–∞–Ω–∫–∞¬ª, –≤–∫–ª—é—á–∞—è —Ç–æ—Ç —Ñ–∞–∫—Ç, —á—Ç–æ –≤–æ—Å—Å—Ç–∞–Ω–æ–≤–ª–µ–Ω–∏–µ —ç–∫–æ–Ω–æ–º–∏–∫–∏ –ø–æ–¥–¥–µ—Ä–∂–∏–≤–∞–µ—Ç –Ω–æ—Ä–º–∞–ª–∏–∑–∞—Ü–∏—é —Å—Ç–æ–∏–º–æ—Å—Ç–∏ —Ä–∏—Å–∫–∞ ‚Äî –ê–ª—å—Ñ–∞-–ë–∞–Ω–∫","('P(positive) = 0.98327. Result: ', 'Positive')"
